{"_wandb":{"runtime":9500},"train_runtime":9499.7254,"_timestamp":1.7502640477961292e+09,"_step":576,"train/learning_rate":2.0815264527320037e-07,"train/grad_norm":0.6522027850151062,"train_steps_per_second":0.607,"train_loss":0.5309481328813697,"train/global_step":5765,"_runtime":9499.710533578,"total_flos":4.645106552930304e+16,"train_samples_per_second":4.856,"train/loss":0.5123,"train/epoch":0.9998699215193166}